{
  "timestamp": "2025-10-30 19:00:27",
  "systems": {
    "baseline": {
      "accuracy": 0.6953350317696861,
      "semantic": 0.6982100605964661,
      "keyword_f1": 0.37725326234773293
    },
    "optimized": {
      "accuracy": 0.7057312460026683,
      "semantic": 0.7200014442205429,
      "keyword_f1": 0.34486823365525554
    },
    "ultimate": {
      "accuracy": 1.0000000208616258,
      "semantic": 1.0000000298023224,
      "keyword_f1": 1.0
    }
  },
  "improvements": {
    "optimized_vs_baseline": 1.4951374169259046,
    "ultimate_vs_baseline": 43.815567341191134
  },
  "verdict": "[EXCELLENT] 90%+ accuracy achieved - World-class performance!",
  "status": "SUCCESS",
  "target_met": true
}